"","alpha","mean","err","mean_random","err_mean_random"
"1",0,0.0523,0.0179632102664564,0.07915,0.0389151279001776
"2",0.05,0.08925,0.0481263028461675,0.3249,0.290655386748902
"3",0.1,0.144525,0.097472149210915,0.704925,0.315096516552611
"4",0.2,0.34675,0.188135623475494,0.955375,0.145948478352237
"5",0.3,0.6903,0.184458347740844,0.9979,0.00268710119283082
"6",0.4,0.868325,0.0847192611224166,0.9983,0.00321215639686936
"7",0.5,0.961125,0.0396537497822699,0.9984,0.0027343962911259
"8",0.6,0.980075,0.0283633815025009,0.999,0
"9",0.7,0.98895,0.0121759536034697,0.999,0
"10",0.8,0.99275,0.0128457316067564,0.999,0
"11",0.9,0.994975,0.00520102307489989,0.998975,0.000158113883008419
"12",1,0.99615,0.00216676528375175,0.999,0
"13",1.1,0.9962,0.00410877734637097,0.999,0
"14",1.2,0.996675,0.00163906633835805,0.999,0
"15",1.5,0.997,0,0.999,0
